Time,Temperature,Pressure,Humidity,PM 1,PM 2.5,PM 10,Counts within Interval,CPM within Interval
1639157373.259071,13.3140625,1011.7563832625294,41.26175052854031,0,0,0,0,0.0
