Time,# of Counts Detected within Interval,CPM within Interval
1634774930.5483136,0,0.0
1634774990.6087759,209,209.0
1634775050.6691906,244,244.0
