Time,# of Counts Detected within Interval,CPM within Interval
1634773155.1289625,0,0.0
1634773165.1393838,306,153.0
