Time,# of Counts Detected within Interval,CPM within Interval
1634774417.6142678,0,0.0
1634774477.674729,89,89.0
1634774537.735143,132,132.0
