Time,# of Counts Detected within Interval,CPM within Interval
1634772547.6905537,0,0.0
1634772577.7207327,771,154.2
