Time,# of Counts Detected within Interval,CPM within Interval
1634772146.1008103,0,0.0
1634772266.2010038,2642,2642.0
